Source (EN)	Baseline (GE)	Finetuned (GE)	Reference (GE)
Stop it!	ჟრწ!	ჟრწ!	შეჩერდით!
It’s that simple. We simply have to stop judging others and replace judgmental thoughts and feelings with a heart full of love for God and His children. God is our Father. We are His children. We are all brothers and sisters. I don’t know exactly how to articulate this point of not judging others with sufficient eloquence, passion, and persuasion to make it stick. I can quote scripture, I can try to expound doctrine, and I will even quote a bumper sticker I recently saw. It was attached to the back of a car whose driver appeared to be a little rough around the edges, but the words on the sticker taught an insightful lesson. It read, “Don’t judge me because I sin differently than you.”	ეს ასე მარტივია. უბრალოდ უნდა შევაჩეროთ სხვების განსჯა და შეცვალოთ განსჯის ფიქრები და გრძნობები ღმერთისა და მისი შვილების სიყვარულით სავსე გულით. ღმერთი ჩვენი მამაა. ჩვენ მისი შვილები ვართ. ჩვენ ყველანი ძმები და დები ვართ. მე არ ვიცი ზუსტად როგორ ვხატო ამ პუნქტს, რომ სხვებს არ დავასჯელოთ საკმარისი ელეკვენციით, ვნებიანობით და დამაჯერებლად, რომ ის შეინარჩუნოს. შემიძლია წერილის ციტატა, შემიძლია ვცადო დოქტრინის განმარტება, და მეც კი მოვიყვანო ბამპერის სტიკერი, რომელიც ცოტა ხნის წინ ვნახე. ის იყო მიმაგრებული მანქანის უკანა მხარეს, რომლის მძღოლიც ცოტა უხეში იყო კიდეც კიდეც, მაგრამ სტიკერის სიტყვები გასწავლიდა გონივრული გაკვეთილი. აქ წერია:  Don't judge me because I sin differently than you.	ასე მარტივია. უბრალოდ უნდა შევაჩეროთ სხვების განსჯა და შეცვალოთ განსჯის აზრები და გრძნობები გულით, რომელიც სავსეა ღმერთისა და მისი შვილების სიყვარულით. ღმერთი არის ჩვენი მამა. ჩვენ მისი შვილები ვართ. ჩვენ ყველანი ვართ დები და ძმები. მე ზუსტად არ ვიცი, როგორ ვხატო ამ პუნქტის არაკონტროფა, ენთუზიაზმი და დამაჯერებელი მოსაზრება, რათა ეს შეინარჩუნოს. შემიძლია, მოვიყვანო წერილი, ვცადო, განვმარტოო დოქტრინა და მოვიყვანო ბუმპერის სტიკერიც კი, რომელიც ცოტა ხნის წინ ვნახე. ის მანქანის უკანა მხარეს იყო მიმაგრებული, რომლის მძღოლი კიდეზე ცოტა უხეში ჩანდა, მაგრამ სტიკერის სიტყვებმა გასაჭრელი გაკვეთილი გაასწავლა. იქ წერია: ნუ მსაჯებ, რადგან მე განსხვავებით ვარ თქვენგან	აი ესე მარტივია. ჩვენ უბრალოდ უნდა შევწყვიტოთ სხვების განკითხვა და შევცვალოთ განკითხვის აზრები და გრძნობები ღმერთისა და მისი შვილების მიმართ სიყვარულით. ღმერთი მამაა ჩვენი. ჩვენ მისი შვილები ვართ. ჩვენ ყველანი დები და მმები ვართ. მე ზუსტად არ ვიცი, როგორ გამოვხატო არ განიკითხო იდეა ისეთი მჭერმეტყველებით, ემოციით და დაჯერებულობით, რომ ის სამუდამოდ დაგამახსოვრდეთ. მე შემიძლია წმინდა წერილის სიტყვები მოგახსენოთ, ვეცადო აგიხსნათ დოქტრინა და ზეპირად გითხრათ ცოტა ხნის წინ მანქანის ბამპერზე წაკითხული სიტყვები. მძღოლი, როგორც ჩანს, ცოტა უხეში იყო, მაგრამ წარწერა მისი მანქანის ბამპერზე მე ღრმად გავიაზრე. მანქანაზე ეწერა: „ნუ განმიკითხავთ იმიტიმ, რომ ჩემი ცოდვები განსხვავებულია თქვენი ცოდვებისაგან“.
We must recognize that we are all imperfect—that we are beggars before God. Haven’t we all, at one time or another, meekly approached the mercy seat and pleaded for grace? Haven’t we wished with all the energy of our souls for mercy—to be forgiven for the mistakes we have made and the sins we have committed?	ჩვენ ყველანი უნდა ვიცოდეთ, რომ ჩვენ ყველანი არ ვართ სრულყოფილები, რომ ჩვენ ვართ თხოვნილები ღვთის წინაშე. ჩვენ ყველანი ხომ არ მივუახლოვდით ერთ დროს და სხვა დროს სიმდაბლეთა წყალობის სავარძელს და ვთხოვდით მადლს?	უნდა გავიაზროთ, რომ ჩვენ ყველანი არ ვართ სრულყოფილნი, რომ ღვთის წინაშე ვთხოვთ. ჩვენ ყველანი ერთხელ ან შემდეგში, ნუთუ ჩვენთან არ მოუახლოვდა და მოუწოდა მადლი? ჩვენ მთელი ძალით ვნდომობდით, რომ ჩვენი შეცდომები და ცოდვები მოგვიტევდეს?	ჩვენ უნდა ვაღიაროთ, რომ ყველანი ცოდვილები ვართ, ჩვენ ყველას ღმერთი გვჭირდება. განა ყველას არ გვქონია შემთხვევა, როცა მორჩილებით მივდიოდით შეწყალების ადგილთან და ვევედრებოდით მოწყალებას? განა არ გვინატრია მთელი სულით მოწყალება--ჩადენილი შეცდომებისა და ცოდვების მიტევება?
Because we all depend on the mercy of God, how can we deny to others any measure of the grace we so desperately desire for ourselves? My beloved brothers and sisters, should we not forgive as we wish to be forgiven?	რამეთუ ჩუენ ყოველნი ვართ განუყრელნი ღმრთის წყალობასა, ვითარცა ვკარგავთ სხუათა ყოველსა მას წყალობასა, რომელსა ვნებავთ ჩუენდა თავსა? ძმათა ჩემთა საყვარელო, არა ვნებობთ ჩუენდავე, ვითარცა ვნებობთ ჩუენდავე, რაჲთა ჩუენცა ვნებობთ ჩუენდავე?	რამეთუ ყოველნი ვართ დამოკიდებულნი ღმერთის წყალობაზე, ვითარცა-იგი ვკარგავთ სხვათა ყოველნი მადლითა, რომელნიც სასოწარკვეთილად ვნანთებთ ჩუენ ზედა? ძვირფასო ძმებო და ძმებო, არა ჰქონიათ ჩუენგან მომტევება, ვითარცა გვინდა ჩუენცა მოგვეტევოს?	რადგან ჩვენ ყველანი ღმერთის წყალობაზე ვართ დამოკიდებულნი, როგორ შეგვიძლია უარი ვუთხრათ სხვებს იმ მოწყალების ულუფაზე, რომელსაც ასე სასოწარკვეთილნი ვითხოვთ საკუთარი თავისთვის? ჩემო საყვარელო დებო და ძმებო, თუკი შეწყალებას ვითხოვთ, სხვებს არ უნდა მივუტევოთ?
Is this difficult to do?	რთულია?	რთულია ამის გაკეთება?	ძნელია ამის გაკეთება?
Yes, of course.	ეა, რაკა.	ა, რა თქმა უნდა.	რა თქმა უნდა.
Forgiving ourselves and others is not easy. In fact, for most of us it requires a major change in our attitude and way of thinking—even a change of heart. But there is good news. This “mighty change” of heart is exactly what the gospel of Jesus Christ is designed to bring into our lives.	ჩვენთვის, როგორც ადამიანებს, ასევე სხვებს, პატიება არ არის მარტივი. სინამდვილეში, ჩვენთვის ეს მოითხოვს მნიშვნელოვან ცვლილებას ჩვენი დამოკიდებულებისა და აზროვნების გზაში, თუნდაც გულის შეცვლას. მაგრამ არსებობს კარგი ამბავი. ეს ძლიერი გულის შეცვლა სწორედ ისაა, რასაც იესო ქრისტეს სახარება ჩვენს ცხოვრებაში უნდა მოიტანოს.	საკუთარ თავსა და სხვებს პატიება ადვილი არ არის. სინამდვილეში, უმეტეს ჩვენგანს ეს მოითხოვს დამოკიდებულებისა და აზროვნების მნიშვნელოვან ცვლილებას - გულის შეცვლასაც კი. მაგრამ არსებობს კარგი ამბავი. გულის ეს ძლიერი ცვლილება ზუსტად ისაა, რისი მიღებაც უნდა მოახდინოს იესო ქრისტეს სახარება ჩვენს ცხოვრებაში.	საკუთარი თავისა და სხვების პატიება როდია იოლი საქმე. ფაქტიურად, უმრავლესობისთვის საჭიროა ჩვენი განწყობის და აზროვნების შეცვლა - გულის შეცვლაც კი. მაგრამ ამას დადებითი მხარეც აქვს. გულის ეს ძლიერი შეცვლა 8 ხომ ზუსტად ის არის, რასაც იესო ქრისტეს სახარებას უნდა შეამოჰქონდეს ჩვენს ცხოვრებაში!
How is it done? Through the love of God.	როგორ ხდება ეს? ღვთის სიყვარულით.	რით არის ეს შესაძლებელი? ღვთის სიყვარულით.	როგორ ხდება ეს? ღვთის სიყვარულის მეშვეობით.
When our hearts are filled with the love of God, something good and pure happens to us. We “keep his commandments: and his commandments are not grievous. For whatsoever is born of God overcometh the world.”	რამეთუ თუ გულით ღმრთისაჲჲჲ აღვსო ჩუენ, კეთილი და წმიდაჲ განგვიდეს ჩუენდა, რამეთუ აღმორჩილდეთ მცნებანი მისნი და მცნებანი მისნი არა არიან მძიმენი. რამეთუ ყოველი, რომელი-იგი ღმრთისაჲთაჲთაჲ არს, ამჯობინებს სოფელს.	რამეთუ თუ გულითა ჩუენთა სავსე არს სიყვარულისა ღმრთისა, კეთილი და წმინდა არს ჩუენდა, რამეთუ აღმორჩილვართ მცნებანი მისნი და მცნებანი მისნი არა არიან მძიმენი. რამეთუ ყოველი, რომელი-იგი შჳდნა ღმრთისაგან, ამაღლებს სოფელს.	როცა ჩვენი გულები ღვთის სიყვარულით აღივსებიან, ჩვენში რაღაც კარგი და სუფთა შემოდის. ჩვენ „ვიცავთ მის მცნებებს. ხოლო მისი მცნებები მძიმე როდია.ვინაიდან ყოველი ღვთისგან შობილი სძლევს სოფელს.“9
The more we allow the love of God to govern our minds and emotions—the more we allow our love for our Heavenly Father to swell within our hearts—the easier it is to love others with the pure love of Christ. As we open our hearts to the glowing dawn of the love of God, the darkness and cold of animosity and envy will eventually fade.	რაც უფრო მეტად მივცემთ უფლის სიყვარულს ჩვენი გონებისა და ემოციების მართვის საშუალებას, რაც უფრო მეტად მივცემთ უფლის სიყვარულს ჩვენს გულებში, მით უფრო ადვილია ქრისტეს სუფთა სიყვარულით გვიყვარდეს სხვები.	რაც უფრო მეტად მივცემთ უფლის სიყვარულს უფლის გონებისა და ემოციების მართვის საშუალებას - რაც უფრო მეტად მივცემთ უფლებას, რომ ჩვენი სიყვარული მამაზეციერისთვის ჩვენს გულში გაიზარდოს - მით უფრო ადვილია, გვიყვარდეს სხვები ქრისტეს სუფთა სიყვარულით. როცა ჩვენ ვხსნით ჩვენს გულს უფლის სიყვარულის მზიან ამომღრავებელ დილას, სიბნელე და სიცივე, სიძულვილი და სიძულვილი საბოლოოდ გაქრება.	რაც უფრო მეტად მივცემთ ნებას ღვთის სიყვარულს მოახდინოს გავლენა ჩვენს აზროვნებასა და ემოციებზე, მით უფრო მეტად გაღვივდება მამაზეციერის სიყვარული ჩვენს გულებში და მით უფრო ადვილი იქნება ჩვენთვის ქრისტეს წმინდა სიყვარულით სხვების შეყვარება. როცა ჩვენ გულს ვუხსნით ღვთის სიყვარულის რიჟრაჟს, მტრობისა და შურის სიბნელე და სიცივე უფერულდება.
As always, Christ is our exemplar. In His teachings as in His life, He showed us the way. He forgave the wicked, the vulgar, and those who sought to hurt and to do Him harm.	ქრისტე არის ჩვენი მაგალითი, როგორც ყოველთვის. როგორც თავის სწავლებაში, ისე თავის ცხოვრებაში მან გვაჩვენა გზა.	ქრისტე, როგორც ყოველთვის, არის ჩვენი მაგალითი. როგორც თავის სწავლებაში, ისე ცხოვრებაში მან გვიჩვენა გზა. მან პატიება მიაწოდა ბოროტებს, უხეშებს და მათ, ვინც ცდილობდა, ზიანი მიაყენებინა მას.	ქრისტე, როგორც ყოველთვის, ჩვენი მაგალითია. მის სწავლებებსა თუ ცხოვრებაში მან გზა გვიჩვენა. ის შეუნდობდა ცოდვილებს, ბოროტებს და მათაც კი, ვისაც მისთვის ზიანის მიყენება სურდათ.
Jesus said it is easy to love those who love us; even the wicked can do that. But Jesus Christ taught a higher law. His words echo through the centuries and are meant for us today. They are meant for all who desire to be His disciples. They are meant for you and me: “Love your enemies, bless them that curse you, do good to them that hate you, and pray for them which despitefully use you, and persecute you.”	იესო ამბობს, რომ ადვილია გვიყვარდეს ისინი, ვინც გვიყვარს. ბოროტებსაც კი ეს შეუძლიათ. მაგრამ იესო ქრისტე უმაღლეს კანონს ასწავლიდა. მისი სიტყვები საუკუნეების განმავლობაში ხმას აგებს და დღეს ჩვენთვისაა განკუთვნილი. ისინი განკუთვნილია ყველა მათთვის, ვისაც სურს მისი მოწაფეები გახდეს. ისინი განკუთვნილია შენთვის და ჩემთვის:  მოყვარდი შენს მტრებს, აკურთხე მათ, ვინც დაგვძახებს, კეთილი საქმე გააკეთე მათ, ვინც გაძულხარ, და ილოცე მათთვის, ვინც გაურაცებ და დევნის.	იესო ამბობს, რომ ადვილია, გიყვარდეს ისინი, ვინც გვიყვარს; ბოროტებსაც კი შეუძლიათ, ეს გააკეთონ. მაგრამ იესო ქრისტემ უმაღლესი კანონი ასწავლა. მისი სიტყვები საუკუნეების მანძილზე აისახება და ჩვენთვისაა განკუთვნილი დღეს. ისინი განკუთვნილია ყველასთვის, ვისაც სურს მისი მოწაფეები გახდე. ისინი განკუთვნილია ჩემთვის და შენთვის: შეიყვარეთ თქვენი მტრები, დალოცეთ მათ, ვინც დაგლოცავთ, კეთილი ქნათ მათ, ვინც გაძულებთ, და ილოცეთ მათთვის, ვინც თქვენზე ბოროტად იყენებს და დევნის 	იესომ თქვა, რომ ადვილია გიყვარდეს ის, ვისაც ჩვენ ვუყვარვართ. ეს ბოროტებსაც კი შეუძლიათ.  მაგრამ იესო ქრისტემ უფრო მაღალი კანონი მოგვიტანა. მისი სიტყვები საუკუნეების მანძილზე ექოსავით ჟღერს და ისინი დღესაც მნიშვნელოვანია ჩვენთვის. ისინი მნიშვნელოვანია ყოველი იმ ადამიანისთვის, ვისაც სურვილი აქვს იყოს მისი მოწაფე. ისინი მნიშვნელოვანია ჩემთვის და შენთვის. აი ეს სიტყვები: „ გიყვარდეთ თქვენი მტრები, დალოცეთ თქვენი მაწყევრები, სიკეთე უყავით თქვენს მოძულეებს და ილოცეთ მათთვის, ვინც თქვენ გავიწროებთ და გდევნით“. 10
When our hearts are filled with the love of God, we become “kind one to another, tenderhearted, forgiving [each other], even as God for Christ’s sake [forgave us].”	როცა ჩვენი გული ღვთის სიყვარულით სავსეა, ვიქნებით ერთმანეთისთვის კეთილნი, ნაწყენი და ერთმანეთს ვაპატიებთ, როგორც ღმერთმა ქრისტეს გამო გვაპატია.	როცა ჩვენი გული ღვთის სიყვარულით სავსეა, ჩვენ ვიქნებით მოწყალნი ერთმანეთისთვის, ნაზი გულები, ვპატიობთ ერთმანეთს, როგორც ღმერთმა ქრისტეს გამო მოგვპატია.	როცა ჩვენი გულები ღვთის სიყვარულითაა აღვსილი, ჩვენ ვართ „კეთილნი ერთიმეორის მიმართ, თანავუგრძნობთ და მივუტევებთ ერთმანეთს, როგორც ქრისტეში მოგვიტევა ჩვენ ღმერთმა“. 11
The pure love of Christ can remove the scales of resentment and wrath from our eyes, allowing us to see others the way our Heavenly Father sees us: as flawed and imperfect mortals who have potential and worth far beyond our capacity to imagine. Because God loves us so much, we too must love and forgive each other.	ქრისტეს სუფთა სიყვარულმა შეიძლება მოაშოროს ჩვენი თვალებიდან მრისხანებისა და რისხვის მასაჟები და დაგვცეთ საშუალება, სხვები ისე დავინახოთ, როგორც ჩვენი ზეციური მამა ჩვენ გვიყურებს. ისინი არიან უშეცდომო და არასრულყოფილები, რომლებსაც შესაძლებლობა აქვთ და მათი ღირებულება ბევრად აღემატება ჩვენს წარმოსახვაზე.	ქრისტეს სუფთა სიყვარულს შეუძლია, მოაშოროს ჩვენი თვალებიდან მრისხანებისა და რისხვის წონი, რათა ჩვენ შევძლოთ სხვებისადმი ისევე ვხედავდეთ, როგორც მამაზეციერი გვიყურებს: როგორც უხუცოდ და არასრულყოფილ ადამიანებს, რომლებსაც შეუძლიათ და იმსახურებენ იმაზე მეტს, ვიდრე წარმოიდგენთ. რადგან ღმერთი ძალიან გვიყვარს, ჩვენც უნდა ვუყვარდეთ ერთმანეთი და პატიოთ ერთმანეთს.	ქრისტეს წმინდა სიყვარულს შეუძლია მოგვაცილოს თვალებიდან წყენისა და წყრომის ქერცლი და დაგვანახოს სხვები მამაზეციერის თვალებით: ნაკლის მქონე, არასრულყოფილი მოკვდავი არსებები, რომლებსაც გააჩნიათ პოტენციალი და ღირსება, რომელიც აღემატება იმას, რისი წარმოდგენაც შეგვიძლია. ვინაიდან ჩვენ ვუყვარვართ ღმერთს, ჩვენც უნდა გვიყვარდეს ერთმანეთი და უნდა მივუტევებდეთ ერთმანეთს.
My dear brothers and sisters, consider the following questions as a self-test:	ძვირფასო ძმებო და დოძებო, შეამოწმეთ საკუთარი თავი შემდეგ კითხვებზე:	ძვირფასო ძმებო და ძმებო, შეამოწმეთ საკუთარი თავი შემდეგი კითხვებით:	ჩემო ძვიღფასო დებო და ძმებო, დაუსვით ქვემოთ მოყვანილი კითხვები საკუთარ თავს:
Do you harbor a grudge against someone else?	გქონია თუ არა მრისხანება სხვის მიმართ?	გქონია ვინმეზე ბრაზობა?	ხართ ვინმეზე გაბრაზებული?
Do you gossip, even when what you say may be true?	გიჟიყობთ თუნდაც მაშინ, როცა სიმართლე გითხრათ?	გიჟდებათ თუნდაც მაშინ, როცა შეიძლება სიმართლე გითხრათ?	ჭორაობთ, თუნდაც ნათქვამი სიმართლეს შეესაბამებოდეს?
Do you exclude, push away, or punish others because of something they have done?	გიშლის თუ არ მიაყენებთ სხვებს, ან არ უჯანსაღებთ მათ?	გიშლის სხვებს, უბიძგებთ მათ ან დასჯავთ მათ რაღაცის გამო?	იცავთ ვინმესთან დისტანციას, ან ხელს კრავთ, ან სჯით ვინმეს რაიმეს გამო?
Do you secretly envy another?	გყავხარ საიდუმლოდ სხვისი?	გირჩევთ, რომ სხვა ადამიანზე ღრმად ეჭვიანობდეთ?	ფარული შური ხომ არ გაქვთ ვიღაცის მიმართ?
Do you wish to cause harm to someone?	თჟკაქ ეა ნაოპაგთქ ნვღჲ?	თჟკაქ ეა ნაოპაგთქ ნა ნაოპაგთლწ?	უსურვებთ ვინმეს ცუდს?
If you answered yes to any of these questions, you may want to apply the two-word sermon from earlier: stop it!	თუ ამ კითხვებზე "დიახ" მიპასუხეთ, მაშინ შეიძლება, მოგიწიოთ გამოყენება ორი სიტყვიანი ქადაგება, რომელიც მოგვთხოვეთ: შეწყვიტეთ!	თუ ამ კითხვებზე დიახ უპასუხეთ, შეიძლება, მოგიწიოთ ორი სიტყვით აღნიშნული მოხსენება: შეწყვიტეთ ეს!	თუ ამ კითხვებიდან რომელიმეს „კი“ პასუხი გაეცით, თქვენ ზემოთ მოცემული ქადაგებიდან ერთი სიტყვა გეხებათ: შეჩერდით!
In a world of accusations and unfriendliness, it is easy to gather and cast stones. But before we do so, let us remember the words of the One who is our Master and model: “He that is without sin among you, let him first cast a stone.”	ამ სამყაროში, სადაც ბრალდებები და უმეგობრობაა, ადვილია ქვები შეკრიბოთ და დააგდოთ. მაგრამ მანამდე, მოდით გავიხსენოთ ის სიტყვები, რომელიც ჩვენი მასწავლებელი და მაგალითია:	ბრალდებებისა და უხუცურობის ამ სამყაროში ადვილია, აგროვოთ და ქვები დაგვყაროთ. მაგრამ მანამდე, მოდით გავიხსენოთ ჩვენი მასწავლებლის სიტყვები, რომელიც არის ჩვენი მაგალითი: ვინც თქვენგანს არ აქვს ცოდვა, მან ჯერ ქვა უნდა დააგროვოს.	ბრალდებებისა და მტრობის სამყაროში ადვილია ქვების შეგროვება და შემდეგ მათი სროლა, მაგრამ სანამ ამას ვიზამდეთ, მოდით გავიხსენოთ ჩვენი მაგალითისა და მასწავლებლის სიტყვები: „ვინც თქვენს შორის უცოდველია, პირველად მან დაჰკრას ქვა“.12
Brothers and sisters, let us put down our stones.	ძმებო და დებო, დავდოთ ქვები.	დებო და ძმებო, მოდით, დავდოთ ქვები.	დებო და ძმებო, მოდით დავყაროთ ქვები.
Let us be kind.	ეა ვ ეჲბპვ.	ეა ვ ეჲბპვ.	ვიყოთ კითილნი.
Let us forgive.	ეა ოჲპპევევევთ.	ეა თჱპატივქვმ.	მივუტევოთ.
Let us talk peacefully with each other.	ეა დჲგჲპთმ ჱაჳჲდ.	ეა დჲგჲპთმ თჳთ ნაპვრთნთ.	წყნარად ვესაუბროთ ერთმანეთს.
Let the love of God fill our hearts.	ღვთის სიყვარული ჩვენი გულებით დაავსოს.	დახურეთ ჩვენი გულები ღვთის სიყვარულით.	შემოუშვათ ღვთის სიყვარული გულებში.
“Let us do good unto all men.”	დავიკეთოთ კეთილი ყველასათვის.	მოდით, კეთილი ვქნათ ყველასთვის.	„სიკეთე გავუკეთოთ ყველას“.13
The Savior promised: “Give, and it shall be given unto you; good measure, pressed down, and shaken together, and running over. … For with the same measure that [you use] it shall be measured to you again.”	მაცხოვარი დაპირდა: "გაეცით და მოგცემთ. კარგი საზომი, დაწეული, დაფანტული და გადატვირთული. ... რადგან იგივე საზომი, რასაც [გამოყენებთ], თქვენც გაგიზომავთ.	მხსნელი აღთქმა: გაიღეთ და მოგცემთ. კარგი საზომი, გაწეული, გაჟღერებული და გაქცეული. ... რადგან იგივე საზომი, რომელსაც [გამოყენებთ], თქვენც მოგცემთ.	მაცხოვარი შეგვპირდა: „მიეცით და თქვენც მოგეცემათ: კარგი საწყაო, დატკეპნილი, გატენილი და პირთამდე სავსე. ... რადგან რომელი საწყაოთაც მიუწყავთ, იმავეთი მოგეწყვებათ“.14
Shouldn’t this promise be enough to always focus our efforts on acts of kindness, forgiveness, and charity instead of on any negative behavior?	არ უნდა იყოს ეს დაპირება საკმარისი იმისათვის, რომ ჩვენი ძალისხმევა ყოველთვის ყურადღება მივაქციოთ კეთილგანწყობის, პატიებისა და ქველმოქმედების ქმედებებზე, ნაცვლად რაიმე უარყოფით ქცევაზე?	არ უნდა იყოს ეს დაპირება საკმარისი, რათა ჩვენი ძალისხმევა ყოველთვის ყურადღება მივაქციოთ კეთილშობილობის, პატიებისა და ქველმოქმედების ქმედებებზე, ნაცვლად რაიმე უარყოფით ქცევაზე?	განა ამ დაპირებამ არ უნდა აღძრას ჩვენში სურვილი უარყოფითი საქციელის ნაცვლად ყოველთვის გვქონდეს ყურადღება გამახვილებული სიკეთეზე, მიტევებასა და მოწყალებაზე?
Let us, as disciples of Jesus Christ, return good for evil. Let us not seek revenge or allow our wrath to overcome us.	3. რა უნდა გავაკეთოთ, რომ ჩვენი მოღვაწეობა და ჩვენი მოღვაწეობა არ დაგვაღალოს?	მოდით, იესო ქრისტეს მოწაფეებად, ბოროტებას სიკეთის სანაცვლოდ, ნუ ვეძიებთ შურისძიებას და ნუ დავუშვებთ, რომ ჩვენი რისხვა მოგვიმარჯოს.	მოდით ჩვენ, როგორც ქრისტეს მოწაფეებმა, ბოროტებას სიკეთით ვუპასუხოთ.15 მოდით არ მივცეთ ნება წყრომას ან შურისძიებას მოგვერიოს ჩვენ.
“For it is written, Vengeance is mine; I will repay, saith the Lord.	რამეთუ წერილ არს: მე ვარ შურისძიება, მე ვიმსჯელებ, ამბობს უფალი.	რამეთუ წერილ არს: მე ვარ შურისძიება, მე აღვივსებ, ამბობს უფალი.	ვინაიდან წერია: ჩემია შურისგება და მე მივაგებ, – ამბობს უფალი.
“Therefore if thine enemy hunger, feed him; if he thirst, give him drink. …	უკუეთუ მტერი შენი მშიერი იყოს, მიჭამე იგი, უკუეთუ მწყურდეს, მიგცე იგი სასმელი.	რამეთუ თუ მტერი შენი შიმშილ არს, კვებ მას; თუ დაწყურდეს, სვამს მას. ...	ამიტომ, თუ შენი მტერი მშიერია, დააპურე იგი; თუ სწყურია, დაალევინე.  …
“Be not overcome of evil, but overcome evil with good.”	ნუ მოგეძლევა ბოროტება, არამედ ბოროტებას კეთილობით მოუგე.	ნუ მოგეძლევა ბოროტება, არამედ ბოროტებას დაგიმარჯოს კეთილობით.	არ დაგძლიოს ბოროტმა, არამედ სძლიე ბოროტს კეთილით.“16
Remember: in the end, it is the merciful who obtain mercy.	და გახსოვდეთ, რომ ბოლოს, მხოლოდ მოწყალეებს მიეწყალებათ.	და გახსოვდეთ, რომ ბოლოს და ბოლოს, მხოლოდ მოწყალეებს მოეწყალებათ.	გახსოვდეთ: სულ ბოლოს მოწყალენი შეწყალებულ იქნებიან.17
As members of The Church of Jesus Christ of Latter-day Saints, wherever we may be, let us be known as a people who “have love one to another.”	როგორც უკანასკნელი დღეების წმინდანთა იესო ქრისტეს ეკლესიის წევრები, ყველგან, სადაც ვიქნებით, უნდა ვიყოთ ცნობილი როგორც ხალხი, რომელსაც იყვარს ერთმანეთი.	როგორც უკანასკნელ დღეთა წმინდანთა იესო ქრისტეს ეკლესიის წევრები, ყველგან, სადაც არ უნდა ვიყოთ, უნდა ვიყოთ ცნობილი, როგორც ხალხი, რომელსაც სიყვარული ჰყავს ერთმანეთთან.	როგორც უკანასკნელი დღეების წმინდანთა იესო ქრისტეს ეკლესიის წევრები, სადაც არ ვიყოთ, ვიყოთ ცნობილნი როგორც ხალხი, რომელთაც “ერთმანეთის სიყვარული“18 გვაქვს.
Brothers and sisters, there is enough heartache and sorrow in this life without our adding to it through our own stubbornness, bitterness, and resentment.	ძმებო და ძმებო, ამ ცხოვრებაში საკმარისი ტკივილი და მწუხარებაა, რომ ჩვენ არ დავამატოთ მას საკუთარი თავმძიმეობით, მრისხანობით და მრისხანებით.	ძმებო და ძმებო, ამ ცხოვრებაში საკმარისია გულს ტკივილი და სევდა, რომ ჩვენ არ დავამატოთ იგი საკუთარი თავმძიმეობით, მრისხანებითა და მრისხანებით.	დებო და ძმებო, ამ ცხოვრებაში საკმარისი გულისტკივილი და მწუხარებაა, ამიტომ ნუ დავამატებთ მას ჩვენს ურჩობას, სიმწარეს და წყენას.
We are not perfect.	ნვ ვ ეჲბპვ.	ჩვენ არ ვართ იდეალური.	ჩვენ სრულყოფილნი არ ვართ.
The people around us are not perfect. People do things that annoy, disappoint, and anger. In this mortal life it will always be that way.	ადამიანები, რომლებიც ჩვენ გარშემო არიან, არ არიან სრულყოფილები. ადამიანები აკეთებენ რაღაცებს, რომლებიც გაღიზიანებს, იმედგაცრუებს და გაბრაზებას. ამ სიკვდილიან ცხოვრებაში ასე იქნება ყოველთვის.	ადამიანები, რომლებიც ჩვენთან არიან, არ არიან სრულყოფილნი. ადამიანები აკეთებენ რაღაცებს, რომლებიც გაღიზიანებს, იმედგაცრუებს და გაბრაზებას. ამ მიწიერი ცხოვრებაში ასე იქნება ყოველთვის.	ჩვენს ირგვლივ მყოფნიც არ არიან სრულყოფილნი. 19 ადამიანები სჩადიან გამაღიზიანებელ, გულდასაწყვეტ, გასაბრაზებელ საქციელს. ამ მიწიერ ცხოვრებაში სულ ასე იქნება.
Nevertheless, we must let go of our grievances. Part of the purpose of mortality is to learn how to let go of such things. That is the Lord’s way.	აჱ ჟრწჳჳჳ, ვწჳჳჳ, ვწჳ, ვწჳ, ვწჳ, ვწჳ, ვწჳ, ვწჳ, ვწჳ, ვწჳ, ვწჳ, ვწჳ, ვწჳ, ვწჳ, ვწჳ, ვწჳ, ვწჳ, ვწჳ, ვწჳ, ვწჳ, ვწჳ, ვწჳ, ვწჳ, ვწჳ, ვწჳ, ვწჳ, ვწჳ, ვწჳ, ვწჳ, ვწჳ, ვწჳ, ვწჳ, ვწჳ, ვწჳ, ვწჳ, ვწჳ, ვწჳ, ვწჳ, ვწჳ, ვვ, ვწჳ, ვ, ვწჳ, ვ, ვ, ვწჳ, ვ, ვ, ვ, ვ, ვ, ვ, 	მიუხედავად ამისა, ჩვენ უნდა დავუშვათ ჩვენი საჩივრები. სიკვდილის მიზანი არის ისწავლოს, როგორ დავუშვათ ეს. ეს არის უფლის გზა.	მიუხედავად ყველაფრისა, უნდა მოვიცილოთ წყენა. მიწიერი ცხოვრების შემადგენელი ნაწილია შევიძინოთ ცოდნა იმაზე, თუ როგორ მოვიცილოთ ასეთი გრძნობები. ეს უფლის გზაა.
Remember, heaven is filled with those who have this in common: They are forgiven. And they forgive.	გახსოვდეთ, რომ ცა აღსავსეა მათგან, ვისაც ეს საერთო აქვს. მათ პატიება აქვთ და პატიებასაც.	გახსოვდეთ, რომ ზეცა სავსეა მათგან, ვისაც ეს საერთო აქვს. მათ პატიება აქვთ და ისინი პატიობენ.	გახსოვდეთ, რომ ზეცაში მყოფებს ერთი რამ აქვთ საერთო: ისინი მიტევებულნი არიან. მათ სხვებს მიუტევეს.
Lay your burden at the Savior’s feet. Let go of judgment. Allow Christ’s Atonement to change and heal your heart. Love one another. Forgive one another.	და აწ, აწ, აწ, აწ, აწ, აწ, აწ, აწ, აწ, აწ, აწ, აწ, აწ, აწ, აწ, აწ, აწ, აწ, აწ, აწ, აწ, აწ, აწ, აწ, აწ, აწ, აწ, აწ, აწ, აწ, აწ, აწ, აწ, აწ, აწ, აწ, აწ, აწ, აწ, აწ, აწ, აწ, აწ, აწ, აწ, აწ, აწ, აწ, აწ, აწ, აწ, აწ, აწ, აწ, აწ, აწ, აწ, აწ, აწ, აწ, აწ, აწ, აწ, აწ, აწ, აწ, აწ, აწ, აწ, აწ, აწ, აწ, აწ, აწ, აწ, აწ, აწ, აწ, აწ, აწ, აწ, აწ, აწ, აწ, აწ, აწ, აწ, აწ, აწ, აწ, აწ, აწ, აწ, აწ, აწ, აწ, აწ, აწ, აწ, ა	დაუსენით მაცხოვრის ფეხთა ზედა თქვენი ტვირთანი, და ნუ განწყობთ, და მოუწიეთ ქრისტეს მიერ განკურნებას, რათა მოინანიოთ გულითანი. გიყვარდეთ ერთმანეთი და მიუტევოთ ერთმანეთი.	დადეთ თქვენი ტვირთი უფლის ფერხთით. არ განიკითხოთ. მიეცით ქრისტეს გამოსყიდვის ძალას ნება განგკურნოთ და შეგიცვალოთ გული. გიყვარდეთ ერთმანეთი. მიუტევეთ ერთმანეთს.
The merciful will obtain mercy.	და მიწყალნი იპოვიან წყალობას.	და მიწიერი მოწყალე იქნება.	მოწყალენი მოწყალებას მოიპოვებენ.
Of this I testify in the name of the One who loved so well and so completely that He gave His life for us, His friends—in the sacred name of Jesus Christ, amen.	ამის შესახებ მე ვმტკიცებ იმ ადამიანის სახელით, რომელმაც ისე კარგად და სრულად მოაყვარო, რომ თავისი სიცოცხლე ჩვენთვის, მის მეგობრებს, იესო ქრისტეს წმინდა სახელით გადასცა. ამენ.	ამის ჩვენება მე ვაკეთებ იმისთვის, ვინც ასე კარგად და სრულად გვიყვარდა, რომ მან თავისი სიცოცხლე ჩაიცა ჩვენთვის, მის მეგობრებს, იესო ქრისტეს წმინდა სახელით, ამენ.	მე ვამოწმებ ამას იმის წმინდა სახელით, რომელმაც ისე შეგვიყვარა, რომ სიცოცხლე დათმო ჩვენთვის, მისი მეგობრებისთვის. იესო ქრისტეს წმინდა სახელით, ამინ.
Just a few months before the death of the Prophet Joseph Smith, he met with the Twelve Apostles to talk about the greatest needs the Church was facing in that very difficult time. He told them, “We need the temple more than anything else.” Surely, today in these trying times, each of us and our families need the temple more than anything else.	მხოლოდ რამდენიმე თვის წინ წინასწარმეტყველი ჯოზეფ სმიტის სიკვდილამდე, მან თორმეტი მოციქული შეხვდა, რათა ისაუბრა იმ უდიდესი საჭიროებების შესახებ, რომელსაც ეკლესია იმ ძალიან რთულ დროს განიცდიდა. მან უთხრა მათ: ჩვენ გვჭირდება ტაძარი უფრო, ვიდრე სხვა რამ. დღეს, ამ განსაცდელში, ჩვენ თითოეულმა ჩვენგანმა და ჩვენი ოჯახმა გვჭირდება ტაძარი უფრო, ვიდრე სხვა რამ.	წინასწარმეტყველ ჯოზეფ სმითის გარდაცვალებამდე სულ რამდენიმე თვის წინ იგი თორმეტ მოციქულთან შეხვდა და იმ უდიდესი საჭიროებების შესახებ ისაუბრა, რომლებთანაც ეკლესია იმ რთულ დროს იწვა. მან უთხრა მათ: ჩვენ ტაძარი სხვაგანზე მეტად გვჭირდება. რა თქმა უნდა, დღეს, ამ განსაცდელში, ჩვენ თითოეულს და ჩვენს ოჯახს ტაძარი სხვაგანზე მეტად გვჭირდება.	წინასწარმეტყველი ჯოზეფ სმითი, სიკვდილამდე სულ რამდენიმე თვის წინ, შეხვდა თორმეტ მოციქულს, რათა ესაუბრა მათთან იმ რთულ დროში არსებული ეკლესიის ყველაზე დიდ საჭიროების შესახებ. მან თქვა: „ჩვენ ყველაზე მეტად გვჭირდება ტაძარი“. 1 რა თქმა უნდა, დღეს, ამ მძიმე დროს, ყოველ ჩვენგანს და ჩვენს ოჯახებს ყველაზე მეტად სჭირდებათ ტაძარი.
During a recent temple dedication, I was thrilled with the entire experience. I loved the open house, greeting many of the visitors who came to see the temple; the cultural celebration with the vibrancy and excitement of the youth; followed by the wonderful dedicatory sessions. The Spirit was sweet. Many people were blessed. And then the next morning, my wife and I entered the baptismal font to participate in baptisms for some of our own ancestors. As I raised my arm to begin the ordinance, I was nearly overcome by the power of the Spirit. I realized again that the real power of the temple is in the ordinances.	ახლახან ტაძრის დათმობისას, მთელი გამოცდილება ძალიან მომეწონა. ძალიან მომეწონა ღია სახლი, მივესალმა ბევრი სტუმარი, რომლებიც ტაძრის სანახავად მოდიოდნენ; ახალგაზრდების მხიარულობითა და აღფრთოვანებით კულტურული ზეიმი; შემდეგ საოცარი დათმობის სესიები. სული ტკბილი იყო. ბევრი ადამიანი იყო კურთხეული. შემდეგ მეორე დილით მე და ჩემი მეუღლე ჩავიდეთ ნათლისღების ფონტში, რათა მონაწილეობა მივიღოთ ნათლისღებაში ჩვენი წინაპრებისათვის. როდესაც ხელები ავწიე, რომ დავიწყოთ წესდება, თითქმის სულიერმა ძალამ გამომიძლია. კიდევ ერთხელ მივხვდი, რომ ტაძრის ნამდვილი ძალა წესდებაშია.	ახლახან ტაძრის მიძღვნის დროს მე მთელი გამოცდილება ძალიან მომეწონა. ძალიან მომეწონა ღია კარები, მრავალი სტუმრის მილოცვა, რომლებიც ტაძრის სანახავად მოდიოდნენ; ახალგაზრდების მხიარულებითა და აღფრთოვანებით ჩატარებული კულტურული ზეიმი; შემდეგ შესანიშნავი მიძღვნის სესიები. სული ტკბილი იყო. მრავალი ადამიანი დალოცა. მეორე დილით მე და ჩემი მეუღლე ნათლობის წყაროში შევედით, რათა ჩვენი წინაპრების ნათლობისას მივიღეთ მონაწილეობა. როცა წირვა დავიწყე, ხელის გაწევნით სულიწმინდის ძალა თითქმის გამომიძლია. მე კიდევ ერთხელ მივხვდი, რომ ტაძრის ნამდვილი ძალა წირვაშია.	არც თუ ისე დიდი ხნის წინ ჩატარებულ ტაძრის მიძღვნის ცერემონიისას, მე ძალიან ვღელავდი ამ მთლიანი მოვლენის გამო. მე მომწონდა ღია კარის დღე, ტაძრის სანახავად მოსულ მნახველთა მისალმება; კულტურულ ზეიმს თან ახლდა ახალგაზრდების მღელვარება და ემოციები, რასაც შესანიშნავი მიძღვნის სესიები მოჰყვა. ტკბილი სულიერი განწყობა იყო. მრავალი ადამიანი დაილოცა. მომდევნო დილით მე და ჩემი მეუღლე ჩავედით ნათლობის ემბაზში გარდაცვლილი წინაპრებისთვის ნათლობის ჩასატარებლად. როცა წეს-ჩვეულების ჩასატარებლად ხელი ავწიე, სულიწმინდის ძალამ თითქმის დამძლია. მე კვლავ გავიაზრე, რომ ტაძრის ნამდვილი ძალა წეს-ჩვეულებებშია.
As the Lord has revealed, the fulness of the Melchizedek Priesthood is found in the temple and its ordinances, “for therein are the keys of the holy priesthood ordained, that you may receive honor and glory.” “Therefore, in the ordinances thereof, the power of godliness is manifest.” This promise is for you and for your family.	როგორც უფალმა გამოავლინა, მელქისედეკის მღვდელმთავრობის სრულობა ტაძარში და მის წესებშია ნაპოვნი, რადგან მასშია წმინდა მღვდელმთავრობის გასაღები დადგენილი, რათა მიიღოთ პატივი და დიდება. ამიტომ, მისი წესებში, ღვთისმსახურების ძალა გამოჩნდება. ეს აღთქმა თქვენთვის და თქვენი ოჯახისთვისაა.	როგორც უფალმა გამოავლინა, მელქისედეკთა მღვდლობის სისრულე ტაძარშია და მისი წეს-ჩვეულებებში, რადგან მასში არის წმინდა მღვდლობის გასაღები, რათა მიიღოთ პატივი და დიდება. ამიტომ, მისი წეს-ჩვეულებებში გამოჩნდება ღვთისმოყვარეობის ძალა. ეს დაპირება თქვენთვის და თქვენი ოჯახისთვის.	როგორც უფალმა განაცხადა, მელქიცედეკის მღვდლობის სისრულე მოიპოვება ტაძარსა და მის წეს-ჩვეულებებში, „რადგან იქ, დიდებისა და პატივისცემის მისაღები, წმინდა მღვდლობის გასაღებები გეძლევათ. 2 „ასე რომ, ამ წეს-ჩვეულებებში ღვთაების?? ძალა მჟღავნდება“3. ეს დაპირება თქვენ და თქვენს ოჯახებს ეძლევა.
Our responsibility is to “receive” that which our Father offers. “For unto him that receiveth it shall be given more abundantly, even power”: power to receive all that He can and will give us—now and eternally; power to become sons and daughters of God, to know “the powers of heaven,” to speak in His name, and to receive “the power of [His] Spirit.” These powers become available personally to each one of us through the ordinances and the covenants of the temple.	ჩვენი პასუხისმგებლობაა, რომ მივიღოთ ის, რასაც ჩვენი მამა გვთავაზობს. რადგან მას, ვინც მას მიიღებს, უფრო უხვად მიეცემა, ძალაუფლებაც კი: ძალაუფლება მიიღოს ყველაფერი, რაც შეუძლია და მოგვცემს ჩვენ ახლა და სამუდამოდ; ძალაუფლება გახდეს ღვთის შვილები და ქალიშვილები, ვიცოდეთ ზეცის ძალაუფლება, ვლაპარაკოთ მისი სახელით და მივიღოთ მისი სულიერების ძალა. ეს ძალაუფლება თითოეულ ჩვენგანს პირადად ხელმისაწვდომი ხდება ტაძრის წესებისა და შეთანხმებების მეშვეობით.	ჩვენი პასუხისმგებლობაა მიღოთ ის, რასაც მამაჩემი გვთავაზობს. რადგან მას, ვინც მას მიიღებს, უფრო უხვად მიეცემა ძალა: ძალა მიიღოს ყველაფერი, რაც მას შეუძლია და მოგვცემს ახლა და მარადის; ძალა გახდეს ღვთის შვილები და ქალიშვილები, ვიცოდეთ სიმაღლეები ზეცაში, ვსაუბრობდეთ მისი სახელით და მივიღოთ სიმაღლე [მისისა] სულის. ეს ძალაუფლება ხელმისაწვდომი ხდება თითოეულ ჩვენგანისთვის წეს-ჩვეულებების და ტაძრის აღთქმის მეშვეობით.	ჩვენი ვალდებულებაა „მივიღოთ“ ის, რასაც მამაზეციერი გვთავაზობს. 4 „რამეთუ მას, ვინც იღებს, კიდევ უფრო მეტი მიეცემა, ძალაც კი“5ყველაფრის მიღების ძალა, რისი მიცემაც შეუძლია და მოგვცემს, აწ და მარადის“6; ძალა - გავხდეთ ღვთის ვაჟები და ასულნი7, შევიცნოთ „ზეციური ძალა“8; ძალა - ვილაპარაკოთ მისი სახელით 9 და მივიღოთ [მისი] სულის ძალა“10. ყოველი ეს ძალა, ტაძრის წეს-ჩვეულებებისა და აღთქმების მეშვეობით, ხელმისაწვდომია პირადად თითიოეული ჩვენგანისთვის.
Nephi saw our day in his great vision: “I, Nephi, beheld the power of the Lamb of God, that it descended upon the saints of the church of the Lamb, and upon the covenant people of the Lord, who were scattered upon all the face of the earth; and they were armed with righteousness and with the power of God in great glory.”	ნეფი იხილა ჩვენი დღე თავისი დიდი ხედვისაგან: მე, ნეფი, დავინახე ღვთის ცხვრის ძალა, რომ იგი დადიოდა ცხვრის ეკლესიის წმინდანებზე და უფლის აღთქმულ ხალხზე, რომლებიც მთელ დედამიწაზე იყვნენ გაფანტულნი. ისინი შეიარაღებულები იყვნენ სიმართლით და ღვთის ძალით დიდ დიდებით.	ნეფისმა თავისი დიდი ხილვაში იხილა ჩვენი დღე: მე, ნეფემ, დავინახე ღვთის კრავის ძალა, რომ იგი ჩამოდიოდა კრავის წმინდანებზე და უფლის აღთქმის ხალხზე, რომლებიც მთელ დედამიწაზე იყო გაფანტული და ისინი შეიარაღებულნი იყვნენ სიმართლესთან და დიდ დიდებაში ღვთის ძალასთან.	ნეფიმ იხილა ჩვენი დრო დიად ხილვაში: „ მე, ნეფიმ, ვიხილე ღვთის კრავის ძალა, რომელიც ჩამოდიოდა წმინდანებზე კრავის ეკლესიაში, ასევე უფლის აღთქმულ ხალხზედ , რომელიც გაფანტული იყო დედამიწის მთელ პირზე; და ისინი შეიარაღებულნი იყვნენ სამართლიანობითა და ღვთის ძალით მის დიად დიდებაში“. 11
I had the privilege recently of being in a temple open house with President Russell M. Nelson and his family as he gathered them around the sealing altar and explained to them that everything we do in the Church—every meeting, activity, lesson, and service—is to prepare each of us to come to the temple and kneel at the altar to receive all the Father’s promised blessings for eternity.	ცოტა ხნის წინ გამიჩნდა პატივი, რომ ტაძრის ღია კარში პრეზიდენტთან, რასელ ნელსონთან და მის ოჯახთან ერთად ვიყავი, როდესაც ის მათ დახურვის ალტერის გარშემო შეკრიბა და განმარტა, რომ ყველაფერი, რასაც ჩვენ ეკლესიაში ვაკეთებთ, ყოველი შეხვედრა, აქტივობა, გაკვეთილი და მსახურება, არის იმისათვის, რომ თითოეული ჩვენგანი მომზადდეს ტაძარში მოსასვლელად და ალტერთან მუხლებზე და მივიღოთ მამა ლის მიერ აღთქმაული ყველა ლოცვა სამუდამოდ.	ცოტა ხნის წინ მე მქონდა პრივილეგია, ვიყო ტაძრის ღია კარში პრეზიდენტ რასელ მ. ნელსონთან და მის ოჯახთან ერთად, როცა მან ისინი დამარგო დამარგვის ალტერის გარშემო და განმარტა, რომ ყველაფერი, რასაც ჩვენ ეკლესიაში ვაკეთებთ - ყოველი შეხვედრა, აქტივობა, გაკვეთილი და მსახურება - არის იმისათვის, რომ თითოეული ჩვენგანი მოვემზადოთ ტაძარში მოსასვლელად და ალტერთან მუხლებზე დაჯდომა, რათა მიიღოთ მამის მიერ აღთქმა დალოცულმა კურთხევამ მარადიულობისთვის.	მე მქონდა უპირატესობა არც თუ ისე დიდი ხნის წინ ვყოფილიყავი ტაძრის ღია კარის დღეზე პრეზიდენტ რასელ მ. ნელსონთან და მის ოჯახთან ერთად, როცა მან შეკრიბა ისინი ჩაბეჭდვის საკურთხეველთან და აუხსნა მათ, რომ ყველაფერი, რასაც ვაკეთებთ ეკლესიაში - ყოველი შეკრება, ღონისძიება, გაკვეთილი ან მსახურება, კეთდება თითეული ჩვენგანის ტაძარში შესვლის და საკურთხეველთან მუხლის მოყრის მიზნით, მამაზეციერის მიერ დაპირებული მარადიული კურთხევების მისაღებად. 12
As we feel the blessings of the temple in our own lives, our hearts turn to our families, both living and dead.	როცა ჩვენ ვგრძნობთ ტაძრის კურთხევას ჩვენს ცხოვრებაში, ჩვენი გული მიდის ჩვენს ოჯახებს, როგორც ცოცხლებს, ასევე მკვდრებს.	როცა ჩვენ ვგრძნობთ ტაძრის კურთხევას ჩვენს ცხოვრებაში, ჩვენი გულები მიდის ჩვენს ოჯახებს, ცოცხლებსა და მკვდრებს.	როცა ყოველდღიურ ცხოვრებაში ვგრძნობთ ტაძრისგან კურთხევებს, გული ოჯახისკენ ტრიალდება, მისი ცოცხალი და გარდაცვლილი წევრებისკენ.
Recently, I witnessed a three-generation family participate in baptisms together for their ancestors. Even the grandmother participated—though she had some trepidation about going under the water herself. As she emerged from the water and hugged her husband, she had tears of joy. The grandfather and father then baptized each other and many of the grandchildren. What greater joy could a family experience together? Each temple has a family priority time to allow you as a family to schedule time in the baptistry.	ახლახან ვნახე, რომ სამი თაობის ოჯახი ერთად მონაწილეობდა ნათლისღებაში მათი წინაპრების სახელით. ბებიამაც კი მონაწილეობა მიიღო, თუმცა თვითონაც ეშინოდა, რომ წყალქვეშ წასულიყო. როდესაც წყლიდან გამოვიდა და ქმრის ხელში ჩაიკრა, სიხარულის ცრემლები გააჩინა. ბაბუა და მამა ერთმანეთს და ბევრ შვილიშვილს ნათლისღებდნენ. რა უფრო დიდი სიხარული შეიძლება ოჯახმა ერთად განიცადოს? თითოეულ ტაძარში ოჯახის პრიორიტეტული დროა, რათა ოჯახის წევრებმა ნათლისღებაში დრო დაგეგმონ.	ცოტა ხნის წინ მე შევნიშნე, რომ სამი თაობის ოჯახი ერთობლივად იღებდა მონაწილეობას წინაპრების ნათლობის მიღებაში. ბებიამაც კი მიიღო მონაწილეობა, თუმცა თვითონ გარკვეული შეშფოთება ჰქონდა წყალქვეშ წასვლის გამო. როცა წყლიდან გამოვიდა და ქმრის ხელში ჩაიკრა, იგი სიხარულით ტიროდა. ბებია და მამა ერთმანეთს და მრავალ შვილიშვილს მოათმობდნენ. რა უფრო დიდი სიხარული შეიძლება ოჯახში ერთად აღვიქვას? თითოეულ ტაძარში ოჯახის პრიორიტეტული დროა, რომელიც საშუალებას აძლევს, ოჯახის წევრებმა დანიშნონ ნათლობის დრო.	ახლახან მე გავხდი მოწმე მოვლენისა, როცა სამი თაობა ერთად მონაწილეობდა ნათლობაში წინაპართათვის. ბებიაც კი იღებდა მონაწილეობას, მიუხედავად იმისა, რომ ჰქონდა გარკვეული შიში წყლის ქვეშ დამოუკიდებლად ჩასვლისა. როცა იგი წყლიდან ამოვიდა და ქმარს ჩაეხუტა, მას სიხარულის ცრემლი ედგა თვალზე. შემდეგ პაპამ და მამამ ერთმანეთი მონათლეს, ასევე მრავალი შვილიშვილიც. ამაზე დიდი სიხარული რა უნდა გამოეცადა ოჯახს? ყოველი ტაძარი აძლევს ოჯახს უპირატესობას, შეარჩიოს მისთვის სასურველი დრო ნათლობისთვის.
Shortly before his death, President Joseph F. Smith received the vision of the redemption of the dead. He taught that those who are in the spirit world are fully dependent upon the ordinances that we receive on their behalf. The scripture reads, “The dead who repent will be redeemed, through obedience to the ordinances of the house of God.” We receive the ordinances in their behalf, but they make and are held accountable for each covenant associated with each ordinance. Surely, the veil is thin for us and parts completely for them in the temple.	სიკვდილამდე ცოტა ხნით ადრე პრეზიდენტმა ჯოზეფ სმიტმა მიიღო ხედვა მკვდრების გამოსყიდვის შესახებ. მან ასწავლა, რომ ისინი, რომლებიც სულიერ სამყაროში არიან, სრულად დამოკიდებულნი არიან იმ წესებისგან, რომლებიც ჩვენ მათ სახელით ვიღებთ. წერილი წერს, რომ "მკვდრები, რომლებიც სინანულს განიცდიან, გამოსყიდულნი იქნებიან ღვთის სახლის წესების მორჩილებით". ჩვენ მათ სახელით ვიღებთ წესებს, მაგრამ ისინი თითოეულ წესთან დაკავშირებულ თითოეულ შეთანხმებაზე პასუხისმგებლობას იღებენ. ნამდვილად, ჩვენთვის ღრუბელი თხელია და მათთვის ტაძარში ნაწილები სრულად.	პრეზიდენტ ჯოზეფ ფ. სმითს სიკვდილამდე ცოტა ხნით ადრე მიეცა ხილვა გარდაცვლილთა გამოსყიდვაზე. მან ასწავლა, რომ ისინი, ვინც სულიერ სამყაროში არიან, მთლიანად დამოკიდებულნი არიან იმ წეს-ჩვეულებებზე, რომლებსაც ჩვენ მათთვის ვიღებთ. წმინდა წერილი წერს: მკვდარი, ვინც სინანულს განიცდის, გამოსყიდულია ღვთის სახლის წეს-ჩვეულებებზე მორჩილების მეშვეობით. ჩვენ მათთვის წეს-ჩვეულებებს ვიღებთ, მაგრამ ისინი ყოველ წეს-ჩვეულებასთან დაკავშირებულ აღთქმის გამო აგებენ პასუხს. უეჭველია, რომ ჩვენთვის ბეჭედი თხელია და მათთვის ტაძარში სრულიად ნაწილები.	გარდაცვალებამდე არც თუ ისე დიდი ხნის წინ პრეზიდენტმა ჯოზეფ ფ. სმითმა მიიღო ხილვა მკვდართა გამოსყიდვის შესახებ. მან გვასწავლა, რომ სულიერ სამყაროში მყოფნი მთლიანად დამოკიდებულნი არიან ჩვენ მიერ მათთვის ჩატარებულ წეს-ჩვეულებებზე. წმინდა წერილში წერია: „მკვდრები, რომლებიც მოინანიებენ, გამოსყიდულ იქნებიან ღვთის სახლის წეს-ჩვეულებებზე დამორჩილებით“13. ჩვენ მათთვის ვატერებთ წეს-ჩვეულებებს, მაგრამ ისინი არიან პასუხისმგებელნი ყოველი აღთქმისთვის, რომელიც უკავშირდება თითოეულ წეს-ჩვეულებას. რა თქმა უნდა, ტაძარში ფარდა ჩვენთვის თხელია, მათთვის კი მთლიანად იხსნება.
What then is our personal responsibility to be engaged in this work, both as patrons and as workers? The Prophet Joseph Smith taught the Saints in 1840 that “considerable exertion must be made, and means will be required—and as the work [to build the temple] must be hastened in righteousness, it behooves the Saints to weigh the importance of these things, in their minds, … and then take such steps as are necessary to carry them into operation; and arming themselves with courage, resolve to do all they can, and feel themselves as much interested as though the whole labor depended on themselves alone.”	რა არის ჩვენი პირადი პასუხისმგებლობა ამ საქმეში ჩართულობა, როგორც დამფარველები, ასევე მუშები? 1840 წელს წინასწარმეტყველმა ჯოზეფ სმიტმა წმინდანებს ასწავლა, რომ სამაზრო ძალისხმევა უნდა გაკეთდეს და საჭირო იქნება საშუალებებიდა რადგან სამუშაო [მასახლეს აშენებისთვის] სიმართლეში უნდა დაჩქარდეს, წმინდანებს სავალდებულოა, რომ ამ საქმეების მნიშვნელობა, თავიანთ გონებაში შეაფასონ და შემდეგ გადადგას ისეთი ნაბიჯები, რომლებიც აუცილებელია მათი ამოქმედებისთვის; და შეიარაღონ თავი მამაციით, გადაწყვიტონ ყველაფერი, რაც შეუძლიათ, და იგრძნონ საკუთარი თავი ისე დაინტერესებული, თითქოს მთელი შრომა მხოლოდ მათზეა დამოკიდებული.	რა არის ჩვენი პირადი პასუხისმგებლობა ამ საქმეში ჩართულობისთვის, როგორც დამფარველების, ასევე მუშების როლში? წინასწარმეტყველმა ჯოზეფ სმითმა წმინდანებს ასწავლა 1840 წელს, რომ უნდა გაკეთდეს მნიშვნელოვანი ძალისხმევა და საჭირო იქნება საშუალებები. რადგანაც საქმე [მასაღლის მშენებლობისთვის] სიმართლესთან დაკავშირებით უნდა დაჩქარდეს, წმინდანებს სავალდებულოა, შეაფასონ ამ საქმეების მნიშვნელობა, თავიანთ გონებაში ... შემდეგ გადადგას ისეთი ნაბიჯები, რომლებიც აუცილებელია მათი ამოქმედებისთვის; და შეიარაღონ თავდაჯერებულად, გადაწყვიტონ, გააკეთონ ყველაფერი რაც შეუძლიათ და იგრძნონ, რომ ისინი იმდენად დაინტერესებულნი არიან, თითქოს მთელი სამუშაო მხოლოდ მათზეა დამოკიდებული	მაშინ რაში მდგომარეობს ჩვენი პირადი ვალდებულება ამ სამუშაოში მონაწილეობისა, როგორც ტაძრის მსახურებისა და ტაძარში მოსიარულთათვის? წინასწარმეტყველი ჯოზეფ სმითი ასწავლიდა წმინდანებს 1840 წ. რომ „მნიშვნელოვანი ძალისხმევაა საჭირო და მოითხოვება საშუალებანი და რადგან უნდა დაჩქარდეს [ტაძრის აშენების] სამუშაო სამართლიანობაში, წმინდანებმა უნდა აწონ-დაწონონ ამის მნიშვნელობა … და შემდეგ გადადგან შესრულებისთვის საჭირო ნაბიჯები; სიმამაცით შეიარაღებულებმა, უნდა გადაწყვიტონ გააკეთონ ყველაფერი, რაც კი მათ შეუძლიათ და ისე უნდა იყვნენ დაინტერესებულნი ამ საქმით, რომ თითქოს მხოლოდ მათზეა დამოკიდებული მთელი ეს სამუშაო. 14
In the book of Revelation we read:	კთჟკვნთ ნაჲბჲჟაჲთ ვკითხჳთ:	კთჟკჟთჟთჟთჟთჟთჟთჟთჟთჟთჟთჟთჟთჟთჟთჟთჟთჟთჟთჟთჟთჟთჟთჟთჟთჟთჟთჟთჟთჟთჟთჟთჟთჟთჟთჟთჟთჟთჟთჟთჟთჟთჟთჟთჟთჟთჟთჟთჟთჟთჟთჟთჟთჟთჟთჟთჟთჟთჟთჟთჟთჟთჟთჟთჟთჟთჟთჟთჟთჟთჟთჟთჟთჟთჟთჟთჟთჟთჟთჟთჟთჟთჟთჟთჟთჟთჟთჟთჟთჟთჟთჟთჟთჟთჟთჟთჟთჟთჟთჟთჟთჟთჟთჟთჟთჟთჟთჟთჟთჟთჟთჟთჟთჟთჟთჟთჟთჟთჟთჟთჟთჟთჟთჟთჟთჟთჟთჟთჟთჟთჟთჟთჟთჟთჟთჟთჟთჟთჟთჟთჟთჟთჟთჟთჟთჟთჟთჟთჟ	გამოცხადებაში წერია:
“What are these which are arrayed in white robes? and whence came they?	რაჲ არიან ესე, რომელნი არიან ფრიად კაბითა, და სადაა მოვიდეს?	რაჲ არიან ესე, რომელნი არიან ფერადნი ტანსაცმელთა, და სადაა მოვიდეს?	„ეს თეთრი სამოსლით შემოსილები ვინ არიან ან საიდან მოვიდნენ“?
“… These are they which came out of great tribulation, and have washed their robes, and made them white in the blood of the Lamb.	ესე არიან იგინი, რომელნი გამოვიდეს დიდისა განსაცდლისაგან და მოირცხვინეს სამოსელი მათნი და მოთეთრნეს იგი სისხლსა ცხვრისასა.	ესე არიან იგინი, რომელნი გამოვიდეს დიდისა განსაცდლისაგან და ჴელით-კაცმენი მათნი და აცხეთრნეს იგი სისხლსა ცხვრისასა.	„… ესენი არიან დიდი გასაჭირიდან მოსულები. გაირეცხეს თავიანთი სამოსელი და გაათეთრეს ისინი კრავის სისხლით.
“Therefore are they before the throne of God, and serve him day and night in his temple: and he that sitteth on the throne shall dwell among them.”	ამისთჳს არიან წინაშე ტახტისა ღმრთისა და მსახურობენ მას დღესა და ღამესა ტაძარსა მისსა და რომელმან მჯდომი არს ტახტსა მას ზედა, და განადგუროს მათ შორის.	ამისთჳს არიან წინაშე ტახტის ღმრთისა და მსახურობენ მას დღითა და ღამით ტაძარსა მისსა და რომელი იჯდეს ტახტსა მას ზედა, და განისადგუროს მათ შორის.	„ამიტომ არიან ღვთის ტახტის წინ და ემსახურებიან მას დღე და ღამე მის ტაძარში: და ტახტხე მჯდომარე გაშლის თავის კარავს მთაზე“. 15
Can’t you just see in your mind’s eye those who serve in the temple today?	ნვ მჲზვქ ეა გთზეამ ჟრპვჟრთრვ ჟთ ნა კჲთრჲ ჟვ служат ჟა ეპთვლწ?	ვერ ხედავთ თქვენს გონებაში მათ, ვინც დღეს მსახურობს ტაძარში?	განა გონებაში დღევანდელი მსახურები არ წარმოიდგინეთ?
There are more than 120,000 ordinance workers in the 150 operating temples around the world. Yet there is opportunity for even more to have this sweet experience. When President Gordon B. Hinckley announced the concept of many smaller temples throughout the world, he taught that “all ordinance workers would be local people who would serve in other capacities in their wards and stakes.” Normally, workers are called to serve for two to three years, with the possibility of extending beyond. It is not intended that once you are called, you will stay as long as you are able. Many long-serving workers carry their love for the temple with them as they are released and allow other, new workers to serve.	მსოფლიოში 150 ოპერირებადი ტაძარში 120 000-ზე მეტი რწმუნებულის თანამშრომელია. თუმცა არსებობს შესაძლებლობა, რომ კიდევ უფრო მეტი ადამიანი მიიღოს ეს სასიამოვნო გამოცდილება. როდესაც პრეზიდენტმა გორდონ ბ. ჰინკლიმ მსოფლიოს მასშტაბით გამოაცხადა მრავალი უფრო პატარა ტაძრის კონცეფცია, მან ასწავლა, რომ ყველა რწმუნებულის თანამშრომელი იქნებოდა ადგილობრივი ხალხი, რომლებიც მსახურობდნენ სხვა თანამდებობებზე თავიანთ უბანებსა და ჯოხებში.	150 მოქმედ ტაძარში 120 000-ზე მეტი დამრიგებელი მუშაობს. თუმცა არსებობს შესაძლებლობა, რომ კიდევ უფრო მეტი ადამიანი მიიღოს ეს ტკბილი გამოცდილება. როდესაც პრეზიდენტმა გორდონ ბ. ჰინკლიმ მსოფლიოს მასშტაბით გამოაცხადა მრავალი უფრო პატარა ტაძრის კონცეფცია, მან ასწავლა, რომ მხოლოდ დამრიგებელი ადგილობრივი ადამიანები იყვნენ, რომლებიც თავიანთ უბანებსა და ჯოხეთებში სხვა თანამდებობებში მსახურობდნენ. ჩვეულებრივ, მუშებს მოუწოდებენ, გაემატრონ ორი-სამი წლის მოვალეობა, რომელთა გაგრძელების შესაძლებლობითაც შეუძლიათ. არ არის გათვალისწინებული, რომ მოწოდების შემდეგ, დარჩებით იმდენი ხნით, რამდენიც შეძლებთ. მრავალი დიდი ხნის განმავლობაში მსახურობილი მუშაკი ტაძრის სიყვარულს ტარებს მათთან ერთად, როცა ისინი გათავისუფლდებიან და საშუალებას აძლევენ სხვა, ახალ მუშაკებს, მსახურონ.	მთელს მსოფლიოში 150 მოქმედ ტაძარში 120 000-ზე მეტი ტაძრის მსახურია. და მაინც, არის იმის შესაძლებლობა, რომ უფრო მეტმა იქონიოს ეს ტკბილი გამოცდილება. როცა პრეზიდენტმა გორდონ ბ. ჰინკლიმ გამოაცხადა მრავალი მცირე ზომის ტაძრების კონცეფცია მთელს მსოფლიოში, მან თქვა, რომ „წეს-ჩვეულებების შემსრულებელი პირები უნდა იყვნენ ადგილობრივი ადამიანები, რომელნიც თავიანთ მრევლსა და პალოებში იმსახურებენ სხვა მოწოდებებშიც“16. წესით, მსახურები მოწოდებულნი არიან ორი ან სამი წლით, თუმცა ეძლევათ ვადის გაგრძელების საშუალება. სულაც არ ნიშნავს, რომ თუკი მოგიწვიეს ამ მოწოდებაზე, იმდენ ხანს იმსახურებ, რამდენსაც შეძლებ. მრავალი ხანგრძლივად მომსახურე ატარებს ტაძრის სიყვარულს მას შემდეგაც, რაც მას ათავისუფლებენ ამ მოწოდებიდან და ამ მსახურების შესაძლებლობებს სხვებს უთმობს.
Nearly 100 years ago, Apostle John A. Widtsoe taught: “We need more workers to accomplish [this] wonderful work. … We need more converts to temple work, drawn from all ages. … The time has come, … in this new temple movement, to bring into active service all the people, of all ages. … Temple work is … of as much benefit to the young and the active, as it is to the aged, who have laid behind them many of the burdens of life. The young man needs his place in the temple even more than his father and his grandfather, who are steadied by a life of experience; and the young girl just entering life, needs the spirit, influence and direction that come from participation in the temple ordinances.”	თითქმის 100 წლის წინ, მოციქული იოანე ა. ვიდცოუ ასწავლა: ამ საოცარი საქმეს შესასრულებლად მეტი მუშაკი გვჭირდება. ... ჩვენ გვჭირდება მეტი მონათხოვრული ტაძრის მუშაობისთვის, რომელიც ყველა ასაკიდან მოდის. ... დრო მოვიდა, ... ამ ახალ ტაძრის მოძრაობაში, ყველა ადამიანის აქტიური მსახურება მოახდინოს. ... ტაძრის მუშაობა ... იმდენადვე სასარგებლოა ახალგაზრდებისთვის და აქტიურებისთვის, როგორც მოხუცებისთვის, რომლებმაც უკან დადნეს ცხოვრების ბევრი ტვირთი. ახალგაზრდა მამაკაცს ტაძარში თავისი ადგილი სჭირდება უფრო მეტად, ვიდრე მამას და ბაბუას, რომლებიც გამოცდილებით ცხოვრებით არიან გათვლილი; ხოლო ახალგაზრდა გოგონას, რომელიც ახლავე შედის ცხოვრებაში, სჭირდება სული, გავლენა და ხელმძღვანელობა, რომელიც ტაძრის წესებში მონაწილეობის შედეგად მოდის.	თითქმის 100 წლის წინ, მოციქულმა ჯონ ა. ვიდცოუმ ასწავლა: ჩვენ გვჭირდება მეტი მუშაკი, რათა განვახორციელოთ ეს საოცარი საქმე. ... ჩვენ გვჭირდება მეტი მონორტი ტაძრის მუშაობაში, რომელიც მოჰყვა ყველა ასაკის ადამიანებს. ... დრო მოვიდა, ... ამ ახალ ტაძრის მოძრაობაში, ყველა ასაკის ადამიანები მოჰყვეს აქტიურ მსახურებაში. ... ტაძრის მუშაობა ... იმდენადვე სარგებლობს ახალგაზრდა და აქტიური ადამიანებისთვის, რამდენიც ხანდაზმულებისთვის, რომლებმაც უკან დატოვეს ცხოვრების მრავალი ტვირთი. ახალგაზრდა მამაკაცს ტაძარში თავისი ადგილი სჭირდება უფრო მეტად, ვიდრე მამას და ბაბუას, რომლებიც გამოცდილებით არიან გაძლიერებული; ახალგაზრდა გოგონას კი, რომელიც ახლახანს ცხოვრებას უწყობს, სულის, გავლენის და ხელმძღვანელობის სჭირდება, რომელიც ტაძრის წეს-ჩვეულებებში მონაწილეობის შედეგად მოდის	დაახლოებით 100 წლის წინ, მოციქული ჯონ ა. ვიდსოუ გვასწავლიდა: ამ შესანიშნავი სამუშაოს განსახორციელებლად მეტი შემსრულებელი გვჭირდება. … გვჭირდება მეტი მოქცეული სატაძრო სამუშაოსთვის, ყველა ასაკის. დადგა დრო, ტაძრების ამ ახალ მოძრაობაში?? აქტიურ მსხურებაში ჩავრთოთ ყველა ასაკის ადამიანი. … სატაძრო სამუშაო ახალგაზრდა და აქტიურთათვის ისეთივე სასარგებლოა, როგორიც ასაკოვანთათვის, რომლებმაც უკან მოიტოვეს ცხოვრების მრავალი ტვირთი. ახალგაზრდა ადამიანს უფრო მეტად ესაჭიროება ადგილი ტაძარში, ვიდრე მის მამასა და პაპას, რომლებიც დადინჯდნენ ცხოვრებისეული გამოცდილებით; ახალგაზრდა გოგო, რომელიც ახლა იწყებს ცხოვრებას, საჭიროებს სულისკვეთებას, გავლენასა და მიმართულებას, რაც მოდის სატაძრო წეს-ჩვეულებებში მონაწილეობიდან“. 17
In many temples, temple presidents are welcoming newly called and endowed missionaries, young men and women, to serve for just a short time as ordinance workers before going to the MTC. These young people are not only blessed to serve, but “they enhance the beauty and spirit for all serving in the temple.”	მრავალი ტაძარში, ტაძრის პრეზიდენტები მიესალმებიან ახალდაბირებულ და დაფინანსებულ მისონერებს, ახალგაზრდებს და ქალებს, რომ ისინი მოვალთ მხოლოდ მცირე ხნით, როგორც წესდების მუშები, სანამ მიდიან MTC- ში. ეს ახალგაზრდები არა მხოლოდ არიან გაკურთხილებულნი მსახურებისთვის, არამედ ისინი აძლიერებენ სილამაზეს და სულისკვეთებას ყველა იმისთვის, ვინც მსახურობს ტაძარში.	მრავალი ტაძარში ტაძრის პრეზიდენტები მიესალმებიან ახალ მოწოდებულ და დაფინანსებულ მისიონერებს, ახალგაზრდა ქალებსა და მამაკაცებს, რათა მოემსახურონ რიგითი მსახურების მოვალეობის მოვალეობის მოვალეობის მოვალეობის მოვალეობის მოვალეობის მოვალეობის მოვალეობის მოვალეობის მოვალეობის მოვალეობის მოვალეობის მოვალეობის მოვალეობის მოვალეობის მოვალეობის მოვალეობის მოვალეობის მოვალეობის მოვალეობის მოვალეობის მოვალეობის მოვალეობის მოვალეობის მოვალეობის მოვალეობის მოვალეობის მოვალეობის მოვალეობის მოვალეობის მოვალეობის მოვალეობის მოვალეობის მოვალეობის მოვალეობის მოვალეობის მოვალეობის მოვალეობის მოვალეობის მოვალეობის მოვალეობის მოვალეობის მოვალეობის მოვალეობის მოვალეობის მოვალეობის მოვალეობის მოვალეობის მოვალეობის მოწყობის მოწყობისთვის.	მრავალ ტაძარში ტაძრის პრეზიდენტები იწვევენ ახლად მოწვეულ და შემოსილ მისიონერებს, ახალგაზრდა ქალებსა და ვაჟებს, მმც-ში წასვლამდე მოკლე ხნით მაინც მიიღონ მონაწილეობა წეს-ჩვეულებების ჩატარების პროცესში. ეს ახალგაზრდები არა მხოლოდ დალოცვილნი არიან მსახურებისთვის, არემედ „მეტი სილამაზე და სულისკვეთება შემოაქვთ ტაძარში ყოველი მსახურისთვის“. 18
I asked a number of young men and women who have served as ordinance workers before and after their missions to share their feelings. They used phrases like the following to describe their experience in the temple:	რამდენიმე ახალგაზრდა მამაკაცსა და ქალს, რომლებიც მსახურობდნენ რწმუნებულების სამსახურში მისიების წინ და შემდეგ, ვთხოვე, რომ თავიანთი გრძნობები გაეზიარებინათ.	მე ვკითხე რამდენიმე ახალგაზრდა მამაკაცსა და ქალს, რომლებიც მსახურობდნენ რადიონალობის სამსახურში მისიის წინ და შემდეგ, რომ გაეზიარებინათ თავიანთი გრძნობები. მათ გამოიყენეს შემდეგი ფრაზები, რათა აღწერონ თავიანთი გამოცდილება ტაძარში:	მე ვთხოვე მთელ რიგ ახალგაზრდა ქალებსა და მამაკაცებს, რომლებმაც მისიამდე და მისიის შემდეგ იმსახურეს ტაძარში, გაეზიარებინათ თავიანთი გრძნობები. ისინი ასეთი ფრაზებით ახასიათებდნენ ტაძარში მიღებულ გამოცდილებას:
When I serve in the temple—	როცა ტაძარში ვმსახურობ.	როცა მსახურობ ტაძარში	როცა ტაძარში ვმსახურობ
I feel “a sense of being closer to my Father and the Savior”;	ვგრძნობ, რომ უფრო ახლოს ვარ მამასთან და მაცხოვართან.	ვგრძნობ, რომ ჩემ მამასა და მხსნელს უფრო ვუახლოვდი.	„მამაზეციერსა და მხსნელს ვუახლოვდები“;
I feel “complete peace and happiness”;	ვგრძნობ მთელ მშვიდობასა და ბედნიერებას.	ვგრძნობ სრულ სიმშვიდესა და ბედნიერებას;	ვგრძნობ „სრულ სიმშვიდესა და ბედნიერებას“;
I have a feeling of “being home”;	ვგრძნობ, რომ სახლში ვარ.	ვგრძნობ, რომ ვბრუნდები სახლში;	სახლში ყოფნის გრძნობა მეუფლება;
I receive “sacredness, power, and strength”;	ვპვევარწწწწწწწწწწწწწწწწწწწწწწწწწწწწწწწწწწწწწწწწწწწწწწწწწწწწწწწწწწწწწწწწწწწწწწწწწწწწწწწწწწწწწწწ	მე მივიღებ წმინდაობას, ძალას და ძალას;	ვიღებ “სიწმინდეს, ძალასა და სიძლიერეს”;
I feel “the importance of my sacred covenants”;	ვგრძნობ ჩემს წმინდა აღთქმების მნიშვნელობას.	ვგრძნობ ჩემს წმინდა აღთქმების მნიშვნელობას.	მე ვგრძნობ „ჩემი წმინდა აღთქმების მნიშვნელობას“;
“The temple has become a part of me”;	ტაძარი ჩემი ნაწილი გახდა.	თმპლი ჩემგან ნაწილი გახდა;	„ტაძარი ჩემი ცხოვრების ნაწილი გახდა“;
“Those whom we serve are close during the ordinances”;	ვინც ჩვენ ვემსახურებით, ახლოს არიან წესების დროს;	ვინც ვემსახურებით, ახლოს არიან წეს-ჩვეულებების დროს;	„ისინი, ვისაც ვემსახურებით, წეს-ჩვეულებების ცატარების დროს გვიახლოვდებიან“;
“It gives me the strength to overcome temptations”; and	ეს მაძლევს ძალას, რომ გამძლოყავი ცდუნებები; და	ეს მაძლევს ძალას, დამეძლოს ცდუნებები; და	„ეს მაძლევს ძალას, დავძლიო ცდუნება“; და
“The temple has changed my life forever.”	მკერდმა სამუდამოდ შეცვალა ჩემი ცხოვრება.	მკერდმა სამუდამოდ შეცვალა ჩემი ცხოვრება	„ტაძარმა ჩემი ცხოვრება სამუდამოდ შეცვალა“. 19
Serving in the temple is a rich and powerful experience for people of all ages. Even some newly married couples are serving together. President Nelson has taught, “Service in the temple … is a sublime activity for a family.” As ordinance workers, in addition to receiving ordinances for your ancestors, you can also officiate in ordinances for them.	ტაძარში მსახურება არის მდიდარი და ძლიერი გამოცდილება ყველა ასაკის ადამიანებისთვის. ზოგიერთი ახლადდაქორწინებული წყვილიც კი მსახურობს ერთად. პრეზიდენტმა ნელსონმა ასწავლა, რომ ტაძარში მსახურება ... ოჯახისთვის უშუალო საქმიანობაა. როგორც რწმუნებულთა მუშაკები, გარდა იმისა, რომ მიიღებთ რწმუნებულებებს თქვენი წინაპრებისათვის, შეგიძლიათ ასევე რწმუნებულობაც მათთვის.	ტაძარში მსახურება არის მდიდარი და ძლიერი გამოცდილება ნებისმიერი ასაკის ადამიანებისთვის. ზოგიერთი ახლადდაქორწინებული წყვილიც კი მსახურობს ერთად. პრეზიდენტმა ნელსონმა ასწავლა, რომ მასუფევება ტაძარში ... არის ოჯახისთვის უშუალო საქმიანობა. როგორც რადიონალური მუშაკები, გარდა იმისა, რომ მიიღებთ რადიონალებს თქვენი წინაპრებისათვის, თქვენ ასევე შეგიძლიათ რადიონალებში იმსახუროთ მათთვის.	ტაძარში მსახურება ყოველი ასაკის ადამიანისათვის მდიდარი და ძლიერი გამოცდილებაა. ზოგი ახალდაქორწინებული წყვილიც კი ერთად მსახურობს. პრეზიდენტი ნელსონი გვასწავლიდა: „ტაძარში მსახურება … ოჯახისთვის დიადი ღონისძიებაა“. 20 თქვენ, როგორც წეს-ჩვეულებების შემსრულებლებს, წინაპრებისთვის წეს-ჩვეულებების მიღების გარდა, შეგიძლიათ ჩაატაროთ  მათთვის წეს-ჩვეულებები.
As President Wilford Woodruff said:	როგორც პრეზიდენტმა უილფორდ უდრუფმა თქვა:	როგორც პრეზიდენტმა უილფორდ უდრუფმა თქვა:	როგორც პრეზიდენტმა უილფორდ ვუდროფმა ბრძანა:
“What greater calling can any man [or woman] have on the face of the earth than to hold in his [or her] hands power and authority to go forth and administer in the ordinances of salvation? …	რა უფრო დიდი მოწოდება შეიძლება ჰქონდეს კაცს დედამიწაზე, ვიდრე ძალა და ძალაუფლება, რომ გამოვიდეს და გადარჩენის წესებს დაასრულოს? ...	რა უფრო დიდი მოწოდება შეიძლება ჰქონდეს კაცს [ან ქალს] დედამიწაზე, ვიდრე ხელში ხელში ხელის მქონე ძალა და ძალა, რომ გამოვიდეს და განადგუროს ხსნის წესები? ...	„რა უნდა იყოს მამაკაცისთვის [ან ქალისთვის] იმაზე დიდი მოწოდება დედამიწაზე, ვიდრე ხელთ გქონდეს ძალა და უფლებამოსილება, განახორციელო ხსნის წეს-ჩვეულებანი? …
“… You become an instrument in the hands of God in the salvation of that soul. There is nothing given to the children of men that is equal to it.”	... შენ იქნები ღვთის ხელში ინსტრუმენტი ამ სულის გადარჩენაში. კაცთა შვილებს არაფერი მიეცა, რაც მასთან შედარებით.	... შენ იქნები ღვთის ხელში არსებული ინსტრუმენტი ამ სულის გადარჩენისთვის. კაცთა ძეებს არაფერი არ მიეცა, რაც მასთან შეესაბამებოდა.	„… ასეთი სულის ხსნაში თქვენ ღვთის იარაღად იქცევით. არაფერი სხვა ამის ტოლფასი არ მიეცა ადამიანთა შვილებს“. 21
He also said:	მან ასევე თქვა:	მან ასევე თქვა:	მან ასევე თქვა:
“The sweet whisperings of the Holy Spirit will be given to [you] and the treasures of Heaven, the communion of angels, will be added from time to time.”	სწმიდა სულის ტკბილი ჩურჩულები მოგცემთ და დროდადრო ზეცის საგანძურები, ანგელოზთა თანამგზავრობა, დაემატება.	სწმიდა სულის ტკბილი ჩურჩულები მოგცემთ და დროდადრო ზეციური საგანძურები, ანგელოზთა ზიარება, დაემატება.	„სულიწმინდის ტკბილი ჩურჩული მოგეცემათ და ზეციური საგანძური, ამას დროდადრო ანგელოზთა საუბარიც დაემატება. 22
“This is worth all you or I can sacrifice [during] the few years we have to spend here in the flesh.”	ეს ღირს ყველა თქვენ ან მე შემიძლია მსხვერპლი [წამების განმავლობაში] რამდენიმე წელი ჩვენ უნდა გაატაროთ აქ ხორცში.	ეს ღირს ყოველივე, რასაც მე ან თქვენ შეგვიძლია დავთმოთ იმ რამდენიმე წლის განმავლობაში, რაც ჩვენ აქ, ხორცში უნდა გავატაროთ.	„ამისთვის ღირს, რომ მე ან ყოველმა თქვენგანმა ხორციელად ყოფნისას მსხვერპლი გავიღოთ. 23
President Thomas S. Monson recently reminded us that “the blessings of the temple are priceless.” “No sacrifice is too great.”	პრეზიდენტმა თომას ს. მონსონმა ცოტა ხნის წინ გვახსენა, რომ ტაძრის ლოცვა ფასდაუდებელია.	პრეზიდენტმა თომას ს. მონსონმა ცოტა ხნის წინ მოგვახსენა, რომ მასაღლის კურთხევები ფასდაუდებელია არცერთი მსხვერპლი არ არის ზედმეტად დიდი.	პრეზიდენტმა თომას ს. მონსონმა ახლახან შეგვახსენა, რომ „ტაძრის კურთხევები ფასდაუდებელია“. 24 არც ერთი მსხვერპლი არ არის მეტისმეტად დიდი“. 25
Come to the temple. Come often. Come with and for your family. Come, and help others to come too.	წადი ტაძარში. ხშირად მოდი. მოდი, შენთან და შენს ოჯახთან. მოდი და სხვებსაც დავეხმარე, რომ მოვიდნენ.	წადი ტაძარში, ხშირად, წადი შენთან და შენს ოჯახთან. წადი და დახმარება გაუწიე სხვებს, რომ მოვიდნენ.	მოდით ტაძარში. ხშირად იარეთ. მოდით ოჯახთან ერთად და ოჯახის გულისთვის. მოდით და სხვებსაც დაეხმარეთ მოსვლაში.
“What are these which are arrayed in white?” My brothers and sisters, you are they—you who have received the ordinances of the temple, who have kept your covenants even by sacrifice; you who are helping your families find the blessings of temple service and who have helped others along the way. Thank you for your service. I testify that each temple is God’s holy, sacred house and that therein each of us may learn and know the powers of godliness, in the name of Jesus Christ, amen.	ვინ არიან ისინი, ვინც თეთრ ტანსაცმელში არიან ჩაცმულები? ჩემო ძმებო და ძმებო, თქვენ ხართ ისინი, ვინც მიიღეთ ტაძრის წესები, ვინც შეინარჩუნეთ თქვენი ხელშეკრულებები, თუნდაც მსხვერპლით; თქვენ, ვინც ეხმარებათ თქვენს ოჯახებს, რომ იპოვონ ტაძრის მსახურების ლოცვა და ვინც სხვებს დაეხმარა გზაში. მადლობა თქვენი მსახურებისთვის. მე გმირობ, რომ თითოეული ტაძარი არის ღვთის წმინდა, წმინდა სახლი და რომ მასში თითოეულმა ჩვენმა უნდა ვისწავლოთ და ვიცოდეთ ღვთისმსახურების ძალაუფლება, იესო ქრისტეს სახელით, ამენ.	ვინ არიან ისინი, ვინც თეთრ ტანსაცმელში არიან ჩაცმულნი? ჩემო დებო და ძმებო, თქვენ ხართ ისინი, რომლებმაც მიიღეს ტაძრის წეს-ჩვეულებები, შეინარჩუნეს თქვენი აღთქმები, თუნდაც მსხვერპლით; თქვენ, ვინც ეხმარებით თქვენს ოჯახებს, იპოვონ ტაძრის მსახურების კურთხევა და ვინც სხვებს დაეხმარათ გზაში. მადლობას გიხდით თქვენი მსახურებისთვის. მე ვმოწმობ, რომ ყოველი ტაძარი არის ღვთის წმინდა, წმინდა სახლი და რომ მასში თითოეულ ჩვენგანს შეუძლია ისწავლოს და იცოდეს ღვთისმოყვარეობის ძალა, იესო ქრისტეს სახელით, ამენ.	„ეს თეთრი სამოსლით შემოსილები ვინ არიან ან საიდან მოვიდნენ“? დებო და ძმებო, ესენი თქვენხართ! თქვენ, რომლებმაც მიიღეთ სატაძრო წეს-ჩვეულებები, რომლებმაც მსხვერპლის გაღების ხარჯზეც კი დაიცავით აღთქმები; თქვენ, რომელნიც ეხმარებით ოჯახებს სატაძრო მსახურებების დალოცვების პოვნაში და რომლებიც გზადაგზა სხვებს ეხმარებით. მადლობას გიხდით მსახურებისთვის. მე ვმოწმობ, რომ ყოველი ტაძარი ღმერთის წმინდა სახლია და რომ იქ ყოველ ჩვენგანს შეუძლია შეიტყოს და გაიგოს ღვთაების ძალა. იესო ქრისტეს სახელით, ამინ.
Before I begin, I should tell you that two of my children have passed out whilst speaking at pulpits, and I have never felt more connected to them than in this moment. I’ve got more on my mind than just the trapdoor.	სანამ დავიწყებ, უნდა გითხრათ, რომ ჩემი ორი შვილი გარდაიცვალა, როდესაც საჯაროზე საუბრობდა და მე არასდროს მიგრძნობია მათთან უფრო მეტი კავშირი, ვიდრე ამ მომენტში.	სანამ დავიწყებ, უნდა გითხრათ, რომ ორი ჩემი შვილი გარდაიცვალა, როცა კათედრებზე საუბრობდა და მე არასდროს არ მიგრძვნია, რომ მათთან უფრო მეტად მიმიკავშირდი, ვიდრე ამ მომენტში. ჩემს გონებაში უფრო მეტია, ვიდრე მხოლოდ კარიბჭე.	ვიდრე დავიწყებდე, უნდა გითხრათ, რომ ჩემს ორ შვილს გული წაუვიდა, როდესაც კათედრიდან საუბრობდნენ და არასოდეს მიგრძვნია მათთან იმაზე ძლიერი კავშირი, ვიდრე ამ მომენტში ვგრძნობ. მე ფარულ კარზე მეტი რამ მაქვს მომზადებული.
Our family has six children, who sometimes tease one another that they are the favourite child. Each has different reasons for being preferred. Our love for each of our children is pure and fulfilling and complete. We could not love any one of them any more than another—with each child’s birth came the most beautiful expansion of our love. I most relate to my Heavenly Father’s love for me through the love that I feel for my children.	ჩვენი ოჯახის ექვსი შვილია, რომლებიც ზოგჯერ ერთმანეთს აცინებენ, რომ ისინი საყვარელი ბავშვი არიან. თითოეულს აქვს სხვადასხვა მიზეზი, რომ უპირატესობა მიენიჭოს. ჩვენი სიყვარული თითოეული ჩვენი შვილის მიმართ არის სუფთა და სრულყოფილი და სრული. ჩვენ ვერ შევძლებთ, რომ რომელიმე მათგანი უფრო მეტად გვიყვარდეს, ვიდრე მეორე. თითოეული ბავშვის დაბადების შემდეგ ჩვენი სიყვარულის ყველაზე ლამაზი გაფართოება მოხდა. მე ყველაზე მეტად ვხასიათებ ჩემს სამოთხურ მამას სიყვარულს ჩემ მიმართ იმ სიყვარულის მეშვეობით, რომელსაც ვგრძნობ ჩემს შვილებს.	ჩვენს ოჯახში ექვსი შვილია, რომლებიც ზოგჯერ ერთმანეთს აცინებენ, რომ ისინი საყვარელი შვილები არიან. თითოეულ მათგანს აქვს სხვადასხვა მიზეზი, რატომაც ურჩევნიათ. ჩვენი სიყვარული თითოეული შვილის მიმართ სუფთაა, სავსეა და სრულყოფილი. ჩვენ ვერც ერთ მათგანს ვეღარ ვუყვარვართ ისევე, როგორც მეორეზე. ყოველი შვილის დაბადების შემდეგ ჩვენი სიყვარულის ყველაზე ლამაზი გაფართოება მოხდა. მე ყველაზე მეტად ჩემი მამაზეციერის სიყვარულს ვუკავშირდები იმ სიყვარულის მეშვეობით, რომელსაც ვგრძნობ ჩემს შვილებთან მიმართებაში.	ჩვენ გვყავს ექვსი შვილი და ისინი ერთმანეთს ხანდახან აბრაზებენ განცხადებებით, რომ ჩვენ კონკრეტულად ის გვიყვარს გამორჩეულად. თითოეულ მათგანს აქვს განსხვავებული მიზეზი, იყოს რჩეული. ჩვენი სიყვარული თითოეული ჩვენი შვილის მიმართ არის სუფთა, მაბედნიერებელი და სრული. შეუძლებელია, გვიყვარდეს რომელიმე მათგანი უფრო მეტად, ვიდრე მეორე — თითოეული მათგანის დაბადებამ ჩვენი სიყვარული კიდევ უფრო მეტად და მეტად გაზარდა. ზეციური მამის ჩემ მიმართ სიყვარული ყველაზე მეტად ჩემი შვილების მიმართ ჩემი სიყვარულის საშუალებით მესმის.
